mean_fit_time,std_fit_time,mean_score_time,std_score_time,param_n_estimators,param_min_child_weight,param_max_depth,param_learning_rate,param_booster,param_base_score,params,split0_test_score,split1_test_score,split2_test_score,split3_test_score,split4_test_score,mean_test_score,std_test_score,rank_test_score,split0_train_score,split1_train_score,split2_train_score,split3_train_score,split4_train_score,mean_train_score,std_train_score
1.8728774547576905,0.04949314933271886,0.029210662841796874,0.002415221349510725,1500,1,15,0.2,gblinear,0.75,"{'n_estimators': 1500, 'min_child_weight': 1, 'max_depth': 15, 'learning_rate': 0.2, 'booster': 'gblinear', 'base_score': 0.75}",-17886.225452161816,-21149.046319830908,-21551.872250909673,-19345.88618364726,-21373.072452910958,-20261.220531892126,1426.0904446510654,41,-17295.12853335028,-16181.476348458904,-16300.000856164384,-16940.269797129175,-15070.364254468108,-16357.447957914168,762.8599864098667
1.8791170120239258,0.07913931977925293,0.028856706619262696,0.002466432465844911,1100,4,3,0.1,gbtree,1.0,"{'n_estimators': 1100, 'min_child_weight': 4, 'max_depth': 3, 'learning_rate': 0.1, 'booster': 'gbtree', 'base_score': 1}",-15323.736916738013,-16600.191058433218,-17074.978462114726,-13600.754869434932,-17591.308272688355,-16038.193915881848,1432.0953248741075,4,-2448.4507203820635,-2180.384825824058,-2222.9265370826197,-2339.158641240368,-2234.025387280608,-2284.9892223619436,97.00016128021753
0.6840439319610596,0.11045715879951527,0.029673957824707033,0.0026546105437916037,500,4,10,0.1,gblinear,0.75,"{'n_estimators': 500, 'min_child_weight': 4, 'max_depth': 10, 'learning_rate': 0.1, 'booster': 'gblinear', 'base_score': 0.75}",-17233.526862157534,-21629.163547463613,-22045.156718214897,-18821.632678724316,-20795.025604666094,-20104.90108224529,1814.1558675864458,25,-17581.53151253478,-16446.375319389448,-16655.790517310572,-17315.355656035958,-15290.89231057363,-16657.98906316888,799.8500152297495
6.8923016548156735,0.8774376907984802,0.038939905166625974,0.004383526652726985,900,4,15,0.05,gbtree,0.5,"{'n_estimators': 900, 'min_child_weight': 4, 'max_depth': 15, 'learning_rate': 0.05, 'booster': 'gbtree', 'base_score': 0.5}",-15650.288179580479,-16985.76482234589,-17247.439787564213,-14548.440670483733,-17316.49181292808,-16349.685054580481,1084.3351566320837,12,-13.130832619863014,-15.919370050299657,-37.083676690924655,-17.891267123287673,-31.03717291845034,-23.01246388056507,9.34430583597655
1.908798885345459,0.04863292643091346,0.03035082817077637,0.001391187797696629,1500,3,2,0.15,gbtree,0.25,"{'n_estimators': 1500, 'min_child_weight': 3, 'max_depth': 2, 'learning_rate': 0.15, 'booster': 'gbtree', 'base_score': 0.25}",-15705.034955586472,-16686.184383026542,-16625.70170697774,-13626.017471104453,-17910.567329302226,-16110.701169199489,1426.4741732003367,6,-3745.4004341020977,-3636.9423828125,-3483.7641735338184,-3700.118438302654,-3607.8399072934503,-3634.813067208904,89.48989980024997
0.15827832221984864,0.004932056357712231,0.027668476104736328,0.0015698560640392465,100,1,15,0.2,gblinear,0.75,"{'n_estimators': 100, 'min_child_weight': 1, 'max_depth': 15, 'learning_rate': 0.2, 'booster': 'gblinear', 'base_score': 0.75}",-17195.01448790668,-21855.284547570634,-22562.191239030395,-19194.174590646406,-20879.182643942637,-20337.16950181935,1935.3939530677583,45,-18093.74018755351,-16930.741662430435,-17010.875274240156,-17855.108709465967,-16145.204027985874,-17207.133972335192,699.7924310939123
1.8061596870422363,0.09767202446977252,0.029700613021850585,0.002347921674245825,1500,3,2,0.2,gbtree,1.0,"{'n_estimators': 1500, 'min_child_weight': 3, 'max_depth': 2, 'learning_rate': 0.2, 'booster': 'gbtree', 'base_score': 1}",-15282.773143193494,-17571.042661065923,-16833.903467465752,-13977.35991010274,-18260.306613869863,-16385.077159139553,1557.9872418972845,14,-2806.8453653413953,-2739.420808138913,-2686.4595127889556,-2774.1354779805224,-2761.308867990154,-2753.6340064479878,40.06267628228102
2.6774861812591553,0.29678262511708864,0.03325409889221191,0.0024253303526507834,500,4,10,0.1,gbtree,1.0,"{'n_estimators': 500, 'min_child_weight': 4, 'max_depth': 10, 'learning_rate': 0.1, 'booster': 'gbtree', 'base_score': 1}",-15618.218964041096,-16961.572399400684,-17602.817931292808,-14486.720181399829,-16684.10185680651,-16270.686266588184,1098.276781585792,11,-11.674560546875,-15.356977070847602,-120.20308821168665,-10.96823161922089,-121.98295697773973,-56.03716288527397,53.14177321293683
1.3400888442993164,0.05967291152452121,0.02989487648010254,0.0018844382083503146,900,1,2,0.1,gbtree,0.25,"{'n_estimators': 900, 'min_child_weight': 1, 'max_depth': 2, 'learning_rate': 0.1, 'booster': 'gbtree', 'base_score': 0.25}",-15180.87225759846,-16942.16404912243,-16244.48738495291,-13966.073215432363,-16586.431587114726,-15784.00569884418,1083.135256181823,1,-7046.415159460616,-6999.213890598245,-6717.71084385702,-7120.3066573469605,-6635.795042273116,-6903.8883187071915,191.1930015988293
8.76738781929016,0.837395410675536,0.044446039199829104,0.006631497565891619,900,3,15,0.1,gbtree,0.25,"{'n_estimators': 900, 'min_child_weight': 3, 'max_depth': 15, 'learning_rate': 0.1, 'booster': 'gbtree', 'base_score': 0.25}",-16428.057028574487,-17268.31678082192,-18393.697733839897,-15009.750615368152,-17290.557764340752,-16878.07598458904,1123.6276189664115,16,-7.1474676262842465,-7.144614859803082,-0.04676463505993151,-7.1537149507705475,-0.0413667861729452,-4.30678577161815,3.4804980186636008
1.277176284790039,0.1397206764904139,0.02970151901245117,0.0010414509146052283,900,2,5,0.15,gblinear,0.5,"{'n_estimators': 900, 'min_child_weight': 2, 'max_depth': 5, 'learning_rate': 0.15, 'booster': 'gblinear', 'base_score': 0.5}",-17595.270387414384,-21349.51945098459,-21686.81038634418,-19139.390772153252,-20990.332379066782,-20152.264675192637,1552.722792080799,35,-17408.461705037993,-16320.200268889126,-16430.462200008027,-17071.261389327377,-15053.723057577055,-16456.821724167916,808.8511445324352
2.3365577697753905,0.036861908632617804,0.03515806198120117,0.011366744237235275,1500,2,3,0.15,gbtree,0.25,"{'n_estimators': 1500, 'min_child_weight': 2, 'max_depth': 3, 'learning_rate': 0.15, 'booster': 'gbtree', 'base_score': 0.25}",-15521.256314212329,-17204.11441834332,-17717.307476723032,-13998.50923052226,-16770.660223137842,-16242.369532587758,1336.7422748570561,9,-615.6949212061215,-575.224365234375,-653.6872926476883,-569.3100920376712,-611.0119729238014,-604.9857288099314,30.598478920117515
0.6723763465881347,0.04596730874621547,0.03177070617675781,0.0013118783205333406,500,4,10,0.2,gblinear,0.25,"{'n_estimators': 500, 'min_child_weight': 4, 'max_depth': 10, 'learning_rate': 0.2, 'booster': 'gblinear', 'base_score': 0.25}",-17446.464950770547,-21500.827422677656,-21742.81056025257,-19064.298192690498,-20990.235779644692,-20148.92738120719,1646.5491669766213,33,-17470.876038433755,-16388.009556600493,-16476.496031878745,-17137.972828486196,-15097.042253050085,-16514.079341689852,816.0886236477561
0.714713716506958,0.020960721810728267,0.03017287254333496,0.0021392168060634393,500,4,3,0.05,gblinear,0.5,"{'n_estimators': 500, 'min_child_weight': 4, 'max_depth': 3, 'learning_rate': 0.05, 'booster': 'gblinear', 'base_score': 0.5}",-17265.837850492295,-21950.74869568707,-22524.47752568493,-18803.766641695205,-20951.405166416953,-20299.24717599529,1976.9902168556105,43,-17892.136041510596,-16811.236993659033,-16973.072136865903,-17633.090532694776,-15797.887702001284,-17021.48468134632,731.5508103833646
13.106457471847534,1.6918301748077766,0.0422480583190918,0.003146467986977504,900,1,15,0.1,gbtree,1.0,"{'n_estimators': 900, 'min_child_weight': 1, 'max_depth': 15, 'learning_rate': 0.1, 'booster': 'gbtree', 'base_score': 1}",-16856.209118150684,-17689.690215646406,-18786.066085188355,-15364.386170269692,-18222.76420697774,-17383.823159246575,1193.3284786614522,20,-7.178623983304795,-7.179767765410959,-0.0636671928510274,-7.178336365582192,-0.07971693065068493,-4.336022447559932,3.4818149120282835
1.216673994064331,0.1144664774261697,0.03123760223388672,0.0021413546916410862,900,4,2,0.05,gbtree,0.25,"{'n_estimators': 900, 'min_child_weight': 4, 'max_depth': 2, 'learning_rate': 0.05, 'booster': 'gbtree', 'base_score': 0.25}",-15205.090526005994,-16955.26004655394,-16848.600090967466,-13256.694362692637,-17637.795483732876,-15980.688101990581,1579.2884512952146,2,-9280.69315536708,-9157.74867562072,-9143.85617776113,-9571.259768969392,-8845.89281557684,-9199.890118659034,234.3818859281779
1.462953758239746,0.10801372548589828,0.030260086059570312,0.0025493260583611386,900,2,3,0.2,gbtree,0.5,"{'n_estimators': 900, 'min_child_weight': 2, 'max_depth': 3, 'learning_rate': 0.2, 'booster': 'gbtree', 'base_score': 0.5}",-15145.583261986301,-16596.32055329623,-17514.83540239726,-13825.126043450342,-17959.762722067637,-16208.325596639555,1531.9335066147844,8,-975.272621468322,-875.1912423747859,-910.6453038045805,-958.6237358197774,-988.2878886183647,-941.604158417166,42.35971713990611
0.7760075569152832,0.07501081669965091,0.02893967628479004,0.0015317599791796967,100,3,10,0.1,gbtree,0.25,"{'n_estimators': 100, 'min_child_weight': 3, 'max_depth': 10, 'learning_rate': 0.1, 'booster': 'gbtree', 'base_score': 0.25}",-16103.09562285959,-17847.682737585616,-18211.77290239726,-14744.867669092466,-17323.764153467466,-16846.236617080478,1269.9311965346178,15,-1362.764889233733,-1238.8290447078339,-1616.4021464308648,-1429.4204502889554,-1772.396945901113,-1483.9626953125,188.93850664935078
1.17333664894104,0.030304554151255166,0.03055577278137207,0.002102455257460577,900,2,5,0.15,gblinear,0.75,"{'n_estimators': 900, 'min_child_weight': 2, 'max_depth': 5, 'learning_rate': 0.15, 'booster': 'gblinear', 'base_score': 0.75}",-17591.02698255565,-21341.715512628423,-21661.649106378423,-19145.040373501713,-21001.175981913526,-20148.121591395546,1548.421037628058,32,-17407.87204857395,-16317.93373421447,-16421.63139447774,-17067.933638899292,-15056.245480054045,-16454.323259243898,807.4732600993941
4.998140001296997,0.28611674418760547,0.03651504516601563,0.0022702103345906863,500,3,15,0.15,gbtree,0.5,"{'n_estimators': 500, 'min_child_weight': 3, 'max_depth': 15, 'learning_rate': 0.15, 'booster': 'gbtree', 'base_score': 0.5}",-16735.526500963184,-17145.70537243151,-17773.216221639555,-15508.020387414384,-17622.06819884418,-16956.907336258562,811.5080693002915,17,-7.141273812071918,-7.136979612585616,-0.08923841502568493,-7.141598218107877,-0.04398544520547945,-4.310615100599316,3.465244010018934
0.16781511306762695,0.01278404841847586,0.02987637519836426,0.003018790226111649,100,2,2,0.15,gblinear,0.25,"{'n_estimators': 100, 'min_child_weight': 2, 'max_depth': 2, 'learning_rate': 0.15, 'booster': 'gblinear', 'base_score': 0.25}",-17266.32075395976,-22041.35795697774,-22819.12580265411,-19308.420925192637,-21126.01538420377,-20512.248164597604,2001.0905112685207,46,-18233.970798440176,-17093.507983064,-17277.60959572988,-17959.103542380137,-16408.295875026753,-17394.49755892819,648.1275365938516
1.4684720993041993,0.06584096841309574,0.03527941703796387,0.003736087718716304,900,4,5,0.15,gblinear,0.5,"{'n_estimators': 900, 'min_child_weight': 4, 'max_depth': 5, 'learning_rate': 0.15, 'booster': 'gblinear', 'base_score': 0.5}",-17584.300092305224,-21315.831315550087,-21661.940122003423,-19147.133682041953,-20989.55191834332,-20139.751426048802,1545.1863780226947,31,-17406.350609348247,-16310.764324031465,-16424.121948242188,-17067.453245398116,-15058.759839201626,-16453.489993244326,806.3993464819625
0.2198230266571045,0.02600335923540217,0.03136110305786133,0.0010242591023300446,100,2,2,0.05,gblinear,0.75,"{'n_estimators': 100, 'min_child_weight': 2, 'max_depth': 2, 'learning_rate': 0.05, 'booster': 'gblinear', 'base_score': 0.75}",-18147.33916149401,-22875.942924604024,-22645.67550032106,-19750.04890839041,-21952.50809342894,-21074.30291764769,1833.4191201077522,50,-19158.832206830586,-18157.93538968857,-18025.075927734375,-18882.902002622002,-17358.203089883882,-18316.589723351884,641.6756857578594
0.236138916015625,0.025363316508728945,0.03242349624633789,0.0038834247286577573,100,4,15,0.05,gblinear,1.0,"{'n_estimators': 100, 'min_child_weight': 4, 'max_depth': 15, 'learning_rate': 0.05, 'booster': 'gblinear', 'base_score': 1}",-17986.160798373287,-22779.717666416953,-22758.181761023116,-19774.47994702483,-21939.88235766267,-21047.684506100173,1882.3248389208818,49,-19019.64382558326,-18104.72583676691,-18129.85949874251,-18979.79000561858,-17295.022862264555,-18305.808405795164,641.387844586265
1.208819532394409,0.08698762418348725,0.028617715835571288,0.0017979281069214856,900,3,5,0.05,gblinear,1.0,"{'n_estimators': 900, 'min_child_weight': 3, 'max_depth': 5, 'learning_rate': 0.05, 'booster': 'gblinear', 'base_score': 1}",-17313.677707619863,-21704.989511986303,-22090.71590057791,-18792.158162992295,-20758.89736729452,-20132.08773009418,1813.393556101742,30,-17610.691021644907,-16493.218569402827,-16710.627282547623,-17368.89267176798,-15378.382374384631,-16712.362383949592,783.0141822567875
0.3175034046173096,0.02141223083797895,0.0287872314453125,0.0007927301319959468,100,2,5,0.15,gbtree,1.0,"{'n_estimators': 100, 'min_child_weight': 2, 'max_depth': 5, 'learning_rate': 0.15, 'booster': 'gbtree', 'base_score': 1}",-15224.192275791953,-17744.24173266267,-17097.902985873287,-14423.983518835616,-17274.609776327055,-16352.986057898117,1291.1320659599805,13,-4555.962947479666,-4562.665326680222,-4378.384210455907,-4537.295868337971,-4697.479746361301,-4546.3576198630135,101.48229633406285
14.010036420822143,1.3100213674876704,0.04718880653381348,0.004768240100478392,1500,2,15,0.15,gbtree,0.25,"{'n_estimators': 1500, 'min_child_weight': 2, 'max_depth': 15, 'learning_rate': 0.15, 'booster': 'gbtree', 'base_score': 0.25}",-15895.665534032534,-18391.71385380993,-18101.888096639555,-15744.693158711472,-17605.88084599743,-17147.968297838182,1113.9114166425243,19,-7.141277156464041,-7.137404350385274,-0.033875347816780824,-7.136083315496576,-0.0358084064640411,-4.296889715325343,3.4799479600954397
0.7126340866088867,0.017871293019730845,0.030174398422241212,0.00143053119645829,500,2,15,0.05,gblinear,0.25,"{'n_estimators': 500, 'min_child_weight': 2, 'max_depth': 15, 'learning_rate': 0.05, 'booster': 'gblinear', 'base_score': 0.25}",-17235.159032534248,-21930.670497110445,-22490.797717786816,-18794.16767444349,-20921.69113869863,-20274.497212114726,1974.978985707973,42,-17874.12625749144,-16818.806948309077,-16959.319198817422,-17610.558031892124,-15827.643581442637,-17018.090803590538,713.3227684813924
0.1894998550415039,0.02406076457901426,0.03231987953186035,0.0016861415321308144,100,2,15,0.1,gblinear,0.75,"{'n_estimators': 100, 'min_child_weight': 2, 'max_depth': 15, 'learning_rate': 0.1, 'booster': 'gblinear', 'base_score': 0.75}",-17455.474114404966,-22268.753250749145,-22641.01803296233,-19461.032574379282,-21365.638618364726,-20638.38331817209,1934.663689788358,47,-18546.701268862373,-17389.071626846104,-17469.147527825342,-18294.692817583476,-16690.00586773598,-17677.923821770655,669.0565390311173
0.8057906150817871,0.11645461002643595,0.03295478820800781,0.002448974096855813,500,1,3,0.15,gblinear,0.5,"{'n_estimators': 500, 'min_child_weight': 1, 'max_depth': 3, 'learning_rate': 0.15, 'booster': 'gblinear', 'base_score': 0.5}",-17358.03389875856,-21519.267471104453,-21834.77600599315,-18917.07152985873,-20797.999344499145,-20085.429650042806,1698.68227875401,24,-17477.801717679795,-16386.253678831337,-16537.56705506207,-17198.243916550728,-15147.377859455266,-16549.44884551584,809.3640699685982
0.898225975036621,0.06758219954125051,0.031212425231933592,0.0020403069201938265,500,3,2,0.15,gbtree,0.75,"{'n_estimators': 500, 'min_child_weight': 3, 'max_depth': 2, 'learning_rate': 0.15, 'booster': 'gbtree', 'base_score': 0.75}",-15545.238749464897,-17012.444282427226,-16545.56144317209,-13442.565576840754,-17621.732475385274,-16033.508505458047,1462.4883903178716,3,-7473.856144317209,-7516.24733786387,-7319.73954208583,-7658.81765036387,-7190.640910945526,-7431.860317115262,161.95821683051574
0.18725457191467285,0.026890968136038966,0.03315892219543457,0.0020145414013727947,100,4,15,0.05,gblinear,0.25,"{'n_estimators': 100, 'min_child_weight': 4, 'max_depth': 15, 'learning_rate': 0.05, 'booster': 'gblinear', 'base_score': 0.25}",-18134.033872003423,-22669.316252407963,-22743.096024186645,-19722.545336579624,-21932.42150042808,-21040.28259712115,1818.3481064039,48,-19147.242266093213,-18049.80837636451,-18107.66305249358,-18876.701529724956,-17234.469758334224,-18283.1769966021,675.8599101060834
14.326026582717896,2.4521554094726916,0.05025272369384766,0.003569017577447673,1500,3,15,0.15,gbtree,0.5,"{'n_estimators': 1500, 'min_child_weight': 3, 'max_depth': 15, 'learning_rate': 0.15, 'booster': 'gbtree', 'base_score': 0.5}",-16735.59543557363,-17145.77367829623,-17773.20657641267,-15508.100652825342,-17622.021136558218,-16956.93949593322,811.4691701049693,18,-7.132892765410959,-7.127906276755137,-0.0263404323630137,-7.141598218107877,-0.029407239940068493,-4.291628986515411,3.48134439596488
1.966515350341797,0.0748871401230861,0.03112659454345703,0.0018883125983001686,1500,3,2,0.2,gblinear,1.0,"{'n_estimators': 1500, 'min_child_weight': 3, 'max_depth': 2, 'learning_rate': 0.2, 'booster': 'gblinear', 'base_score': 1}",-17875.89318011558,-21139.71944563356,-21544.53542380137,-19348.7081348994,-21368.390116652397,-20255.449260220463,1425.9579835727507,39,-17297.35709412457,-16180.293443653682,-16297.737706014555,-16937.37467224957,-15070.871082044627,-16356.726799617401,762.8854005173005
1.9683478355407715,0.04708986484996188,0.030781030654907227,0.003227792638938763,1500,2,10,0.05,gblinear,0.75,"{'n_estimators': 1500, 'min_child_weight': 2, 'max_depth': 10, 'learning_rate': 0.05, 'booster': 'gblinear', 'base_score': 0.75}",-17445.432429901542,-21526.596733197774,-21766.337409032534,-18900.339067851026,-20763.821235552226,-20080.505375107023,1657.5000673922332,23,-17456.77218502515,-16365.327864137415,-16539.321355950342,-17192.74076613335,-15135.977788219714,-16538.027991893192,808.4938453328169
1.4575861930847167,0.07088183200132299,0.02902364730834961,0.0008590515270918661,900,3,3,0.2,gbtree,0.25,"{'n_estimators': 900, 'min_child_weight': 3, 'max_depth': 3, 'learning_rate': 0.2, 'booster': 'gbtree', 'base_score': 0.25}",-15111.418691138699,-16663.278360445205,-17438.883039918663,-13568.926155821919,-17739.82841930651,-16104.466933326199,1560.9263654726697,5,-990.9836091342038,-937.9505130297517,-1018.5927165828339,-963.752876177226,-997.314724020762,-981.7188877889555,28.02567616165429
1.4287301540374755,0.04232121050463893,0.029428768157958984,0.0017417765229657866,1100,1,2,0.15,gblinear,0.75,"{'n_estimators': 1100, 'min_child_weight': 1, 'max_depth': 2, 'learning_rate': 0.15, 'booster': 'gblinear', 'base_score': 0.75}",-17689.540032373716,-21289.173627461474,-21627.52937714041,-19225.23128478168,-21092.88289276541,-20184.87144290454,1501.5204363959344,38,-17387.814520012842,-16284.08365328018,-16391.25760514769,-17035.792045697774,-15053.684147246897,-16430.526394277076,800.1786240411452
0.6597304344177246,0.009987574604724955,0.02977895736694336,0.001593299394959002,500,3,15,0.15,gblinear,0.5,"{'n_estimators': 500, 'min_child_weight': 3, 'max_depth': 15, 'learning_rate': 0.15, 'booster': 'gblinear', 'base_score': 0.5}",-17365.311041845034,-21598.87986943493,-21838.76781892123,-18919.70085750214,-20819.602151113013,-20108.45234776327,1712.2531471556517,28,-17487.181363040454,-16401.173231151006,-16541.6851221372,-17199.830466074487,-15145.80854692851,-16555.135745866333,811.717788845342
1.2206689834594726,0.03380578913490781,0.0313936710357666,0.00241097450103569,500,4,5,0.15,gbtree,0.25,"{'n_estimators': 500, 'min_child_weight': 4, 'max_depth': 5, 'learning_rate': 0.15, 'booster': 'gbtree', 'base_score': 0.25}",-15949.377943065068,-16968.29617936644,-17021.66150738442,-13719.44414865154,-17640.43375428082,-16259.842706549656,1381.1820337568308,10,-404.50548145869004,-319.2436824432791,-375.91452737050514,-368.8726890250428,-378.7669761344178,-369.46067128638697,27.851355370610683
0.1897003173828125,0.008178775254662115,0.028754472732543945,0.0010626056037598742,100,1,2,0.1,gbtree,0.5,"{'n_estimators': 100, 'min_child_weight': 1, 'max_depth': 2, 'learning_rate': 0.1, 'booster': 'gbtree', 'base_score': 0.5}",-16382.313971532534,-18455.324339148116,-17968.205947666953,-16358.55867401541,-18593.794574058218,-17551.639501284248,986.6129069773108,21,-13970.100759845891,-13652.169487104024,-13854.548129147046,-14435.789570847603,-13680.866685841182,-13918.69492655715,283.45804783977724
1.1766704082489015,0.014921705662945503,0.029049158096313477,0.0008961116868223981,900,2,3,0.15,gblinear,1.0,"{'n_estimators': 900, 'min_child_weight': 2, 'max_depth': 3, 'learning_rate': 0.15, 'booster': 'gblinear', 'base_score': 1}",-17615.84620478382,-21356.147327161816,-21667.90206282106,-19144.11690657106,-20998.16751391267,-20156.436003050087,1543.4853626498225,37,-17400.228331683433,-16319.945258989726,-16422.090997565283,-17070.694844285103,-15055.67426122378,-16453.72673874947,806.2213025016713
1.5181626796722412,0.07657573073513141,0.03105816841125488,0.0022084629438996503,1100,4,3,0.1,gblinear,0.25,"{'n_estimators': 1100, 'min_child_weight': 4, 'max_depth': 3, 'learning_rate': 0.1, 'booster': 'gblinear', 'base_score': 0.25}",-17538.337248501713,-21404.561075288955,-21673.371495077055,-19042.02620665668,-20880.752902932363,-20107.809785691352,1579.1182471347547,27,-17411.243098846855,-16327.33280380458,-16452.520721853594,-17095.443048346533,-15060.10121468322,-16469.328177506955,810.6280725458547
2.1519061088562013,0.10688294326805502,0.030057573318481447,0.0021501056501475923,1500,2,15,0.05,gblinear,0.5,"{'n_estimators': 1500, 'min_child_weight': 2, 'max_depth': 15, 'learning_rate': 0.05, 'booster': 'gblinear', 'base_score': 0.5}",-17450.338318707192,-21520.832512842466,-21766.097763270547,-18894.678242722603,-20765.456817208906,-20079.480730950345,1655.8310254226549,22,-17456.899905688144,-16364.974900337114,-16540.11429627301,-17189.998672276328,-15135.9953295564,-16537.5966208262,808.0888247040341
2.8842838287353514,0.07509564806717432,0.031957817077636716,0.0015667376284619857,1100,2,5,0.1,gbtree,0.75,"{'n_estimators': 1100, 'min_child_weight': 2, 'max_depth': 5, 'learning_rate': 0.1, 'booster': 'gbtree', 'base_score': 0.75}",-15293.042500535103,-17046.423881635274,-17348.681587114726,-13996.420938570205,-17084.563329409248,-16153.82644745291,1302.7684107889509,7,-91.72589362157534,-83.223876953125,-65.19257678724315,-77.34686362906677,-78.34669640946062,-79.16718148009417,8.642388072342627
1.3974229335784911,0.04430942964213902,0.030606746673583984,0.0021470898101936895,1100,2,10,0.1,gblinear,1.0,"{'n_estimators': 1100, 'min_child_weight': 2, 'max_depth': 10, 'learning_rate': 0.1, 'booster': 'gblinear', 'base_score': 1}",-17536.522032855308,-21386.131896136558,-21673.195981378423,-19048.459853916953,-20885.96260969606,-20106.05447479666,1576.3115654882827,26,-17410.216111274614,-16323.611037162886,-16451.28170818172,-17093.920058995078,-15060.868970061001,-16467.97957713506,810.0237685154773
1.1846312522888183,0.023530035256809648,0.0304013729095459,0.0010134517926190596,900,1,5,0.15,gblinear,0.25,"{'n_estimators': 900, 'min_child_weight': 1, 'max_depth': 5, 'learning_rate': 0.15, 'booster': 'gblinear', 'base_score': 0.25}",-17603.782835241866,-21343.74919734589,-21663.68748662243,-19141.74645494435,-21006.795671018837,-20151.952329034673,1545.9730772869784,34,-17409.129886156894,-16322.194019892444,-16421.33039584225,-17069.49818232288,-15055.050408350278,-16455.440578512946,808.2822297867808
1.9264009475708008,0.0254631824172531,0.03162550926208496,0.0021021399947376428,1500,3,2,0.2,gblinear,0.75,"{'n_estimators': 1500, 'min_child_weight': 3, 'max_depth': 2, 'learning_rate': 0.2, 'booster': 'gblinear', 'base_score': 0.75}",-17892.05496842894,-21140.473512414384,-21546.748394691782,-19357.11701359161,-21366.830546339897,-20260.644887093324,1419.7456234063382,40,-17293.18347502408,-16177.473502381206,-16298.607582405823,-16935.10966763431,-15070.949618404858,-16355.064769170058,761.6031227495546
0.16936397552490234,0.015736940724925718,0.031511354446411136,0.0018713037946496037,100,3,15,0.2,gblinear,0.5,"{'n_estimators': 100, 'min_child_weight': 3, 'max_depth': 15, 'learning_rate': 0.2, 'booster': 'gblinear', 'base_score': 0.5}",-17009.62633775685,-21882.506468054366,-22651.722428831337,-19202.58124866224,-20904.32173052226,-20330.15164276541,2021.2110727406746,44,-17942.558107140947,-16946.09524494328,-17100.381591796875,-17853.878929660747,-16121.83632879388,-17192.95004046715,665.6620826350187
1.9235127449035645,0.029995806469252758,0.03127455711364746,0.0016332135994457794,1500,4,5,0.1,gblinear,0.5,"{'n_estimators': 1500, 'min_child_weight': 4, 'max_depth': 5, 'learning_rate': 0.1, 'booster': 'gblinear', 'base_score': 0.5}",-17666.357314854453,-21295.044346639555,-21609.56490796233,-19170.466596211474,-21036.847174657534,-20155.65606806507,1507.0342337590791,36,-17378.55191499893,-16284.885926129067,-16396.787570901113,-17040.009452924336,-15050.070984722817,-16430.061169935252,799.7784063704524
1.3301713943481446,0.10420953693853127,0.02700958251953125,0.0031964735050445912,1100,2,15,0.1,gblinear,0.75,"{'n_estimators': 1100, 'min_child_weight': 2, 'max_depth': 15, 'learning_rate': 0.1, 'booster': 'gblinear', 'base_score': 0.75}",-17562.42550032106,-21402.510294038955,-21669.475117722603,-19051.549550513697,-20903.748381314213,-20117.941768782104,1571.1600696814276,29,-17407.154290186216,-16326.359415132705,-16451.033154631314,-17092.749958195098,-15062.35772287029,-16467.930908203125,808.5175826844186
