Id,SalePrice
1461,139480.49180327868
1462,163950.0
1463,215800.0
1464,177997.55434782608
1465,215166.66666666666
1466,177997.55434782608
1467,184687.0
1468,177997.55434782608
1469,191209.5
1470,129025.0
1471,191209.5
1472,103164.28571428571
1473,103164.28571428571
1474,150750.0
1475,139700.0
1476,583196.6666666666
1477,239709.33333333334
1478,311664.125
1479,226500.0
1480,392916.6666666667
1481,272058.6
1482,194325.0
1483,184687.0
1484,191209.5
1485,183583.33333333334
1486,222896.25
1487,443250.0
1488,251000.0
1489,216683.33333333334
1490,197273.80952380953
1491,191209.5
1492,95500.0
1493,177997.55434782608
1494,348229.75
1495,330028.0
1496,281333.3333333333
1497,191209.5
1498,148470.4
1499,148470.4
1500,83100.0
1501,177997.55434782608
1502,191209.5
1503,345201.0
1504,215166.66666666666
1505,217041.66666666666
1506,177997.55434782608
1507,149800.0
1508,230463.33333333334
1509,177997.55434782608
1510,160064.58333333334
1511,160064.58333333334
1512,159766.66666666666
1513,177997.55434782608
1514,139878.81818181818
1515,193333.33333333334
1516,177997.55434782608
1517,153914.2857142857
1518,145751.0
1519,254933.33333333334
1520,142839.2857142857
1521,160064.58333333334
1522,159766.66666666666
1523,118791.82352941176
1524,118791.82352941176
1525,83641.5
1526,127947.54098360655
1527,103164.28571428571
1528,127947.54098360655
1529,160064.58333333334
1530,159766.66666666666
1531,102450.0
1532,127947.54098360655
1533,148650.0
1534,118791.82352941176
1535,139878.81818181818
1536,113250.0
1537,87783.33333333333
1538,172312.5
1539,296759.0
1540,126375.0
1541,177997.55434782608
1542,162916.66666666666
1543,173750.0
1544,60125.0
1545,83100.0
1546,103164.28571428571
1547,162916.66666666666
1548,139878.81818181818
1549,103164.28571428571
1550,148778.35294117648
1551,104240.0
1552,148778.35294117648
1553,115000.0
1554,87416.66666666667
1555,139878.81818181818
1556,87783.33333333333
1557,139878.81818181818
1558,87783.33333333333
1559,126375.0
1560,119950.0
1561,139878.81818181818
1562,118791.82352941176
1563,127947.54098360655
1564,167742.5909090909
1565,155833.33333333334
1566,191209.5
1567,87783.33333333333
1568,230463.33333333334
1569,154214.2857142857
1570,118791.82352941176
1571,139878.81818181818
1572,136787.5
1573,223333.33333333334
1574,103779.5
1575,191209.5
1576,230463.33333333334
1577,216683.33333333334
1578,177997.55434782608
1579,139480.49180327868
1580,191209.5
1581,162950.0
1582,139480.49180327868
1583,359950.0
1584,225853.26666666666
1585,139480.49180327868
1586,77116.66666666667
1587,103164.28571428571
1588,160064.58333333334
1589,87783.33333333333
1590,138103.57142857142
1591,90818.18181818182
1592,109800.0
1593,118791.82352941176
1594,137675.0
1595,126375.0
1596,225853.26666666666
1597,114833.33333333333
1598,191209.5
1599,215166.66666666666
1600,215166.66666666666
1601,90666.66666666667
1602,118791.82352941176
1603,118791.82352941176
1604,280333.3333333333
1605,251000.0
1606,167742.5909090909
1607,122464.4
1608,216683.33333333334
1609,216683.33333333334
1610,155833.33333333334
1611,146725.0
1612,155833.33333333334
1613,167742.5909090909
1614,127947.54098360655
1615,87416.66666666667
1616,87416.66666666667
1617,103164.28571428571
1618,127947.54098360655
1619,118791.82352941176
1620,122464.4
1621,83100.0
1622,170900.0
1623,318250.0
1624,230463.33333333334
1625,139480.49180327868
1626,197273.80952380953
1627,197273.80952380953
1628,323000.0
1629,183583.33333333334
1630,443250.0
1631,209375.0
1632,209375.0
1633,183583.33333333334
1634,177997.55434782608
1635,177997.55434782608
1636,167742.5909090909
1637,155833.33333333334
1638,183000.0
1639,177997.55434782608
1640,216875.0
1641,197273.80952380953
1642,228228.57142857142
1643,215166.66666666666
1644,228228.0
1645,161500.0
1646,168666.66666666666
1647,172200.0
1648,160064.58333333334
1649,138103.57142857142
1650,129025.0
1651,118791.82352941176
1652,103164.28571428571
1653,103164.28571428571
1654,138000.0
1655,139700.0
1656,138000.0
1657,138000.0
1658,138000.0
1659,139700.0
1660,139480.49180327868
1661,392916.6666666667
1662,471262.0
1663,417039.75
1664,392916.6666666667
1665,332833.3333333333
1666,303333.3333333333
1667,443250.0
1668,311664.125
1669,311664.125
1670,332833.3333333333
1671,254933.33333333334
1672,392916.6666666667
1673,294750.0
1674,249666.66666666666
1675,184687.0
1676,184687.0
1677,216683.33333333334
1678,392916.6666666667
1679,412666.6666666667
1680,322965.25
1681,283158.0
1682,318250.0
1683,191209.5
1684,169307.07142857142
1685,177997.55434782608
1686,169307.07142857142
1687,169307.07142857142
1688,191209.5
1689,191209.5
1690,183583.33333333334
1691,183583.33333333334
1692,323000.0
1693,183583.33333333334
1694,197273.80952380953
1695,169307.07142857142
1696,300056.25
1697,191209.5
1698,330028.0
1699,443250.0
1700,225853.26666666666
1701,243166.66666666666
1702,196175.0
1703,253666.66666666666
1704,303333.3333333333
1705,230833.33333333334
1706,515790.5
1707,239130.0
1708,239130.0
1709,332833.3333333333
1710,232946.0
1711,278480.5
1712,209375.0
1713,223333.33333333334
1714,217041.66666666666
1715,191209.5
1716,143666.66666666666
1717,189433.33333333334
1718,167742.5909090909
1719,206000.0
1720,306746.5
1721,143666.66666666666
1722,142839.2857142857
1723,153914.2857142857
1724,239130.0
1725,225853.26666666666
1726,177997.55434782608
1727,167742.5909090909
1728,191209.5
1729,149388.66666666666
1730,122464.4
1731,118791.82352941176
1732,139480.49180327868
1733,139480.49180327868
1734,129321.42857142857
1735,127947.54098360655
1736,118791.82352941176
1737,301000.0
1738,244169.5
1739,308375.0
1740,177997.55434782608
1741,184687.0
1742,177997.55434782608
1743,189433.33333333334
1744,318250.0
1745,231750.0
1746,330028.0
1747,183000.0
1748,259333.33333333334
1749,160064.58333333334
1750,160064.58333333334
1751,216875.0
1752,127947.54098360655
1753,155833.33333333334
1754,200500.0
1755,160064.58333333334
1756,129025.0
1757,127947.54098360655
1758,148650.0
1759,230463.33333333334
1760,146725.0
1761,160064.58333333334
1762,183606.66666666666
1763,177997.55434782608
1764,118791.82352941176
1765,159766.66666666666
1766,159766.66666666666
1767,215800.0
1768,136787.5
1769,172200.0
1770,127947.54098360655
1771,136787.5
1772,139878.81818181818
1773,136787.5
1774,122464.4
1775,148562.5
1776,118791.82352941176
1777,127947.54098360655
1778,148562.5
1779,103164.28571428571
1780,191209.5
1781,129418.75
1782,118791.82352941176
1783,118791.82352941176
1784,103164.28571428571
1785,122500.0
1786,236333.33333333334
1787,189433.33333333334
1788,35105.5
1789,87783.33333333333
1790,118791.82352941176
1791,196874.66666666666
1792,139878.81818181818
1793,129321.42857142857
1794,139480.49180327868
1795,136787.5
1796,103164.28571428571
1797,87783.33333333333
1798,136787.5
1799,127947.54098360655
1800,127947.54098360655
1801,157537.5
1802,177997.55434782608
1803,177997.55434782608
1804,139480.49180327868
1805,138103.57142857142
1806,111166.66666666667
1807,90666.66666666667
1808,103164.28571428571
1809,126000.0
1810,148778.35294117648
1811,97166.66666666667
1812,97166.66666666667
1813,127947.54098360655
1814,118791.82352941176
1815,35105.5
1816,118791.82352941176
1817,148778.35294117648
1818,136298.7
1819,118791.82352941176
1820,87416.66666666667
1821,136298.7
1822,177997.55434782608
1823,87783.33333333333
1824,136298.7
1825,137675.0
1826,103164.28571428571
1827,118791.82352941176
1828,139878.81818181818
1829,122500.0
1830,177997.55434782608
1831,173750.0
1832,126375.0
1833,139878.81818181818
1834,132625.0
1835,172000.0
1836,136298.7
1837,129025.0
1838,139878.81818181818
1839,74500.0
1840,167742.5909090909
1841,167742.5909090909
1842,87783.33333333333
1843,148416.66666666666
1844,139480.49180327868
1845,136298.7
1846,117187.5
1847,136298.7
1848,35105.5
1849,148778.35294117648
1850,148562.5
1851,139878.81818181818
1852,104240.0
1853,136950.0
1854,191209.5
1855,103164.28571428571
1856,244169.5
1857,113500.0
1858,145751.0
1859,122464.4
1860,167742.5909090909
1861,122464.4
1862,173750.0
1863,173750.0
1864,173750.0
1865,311664.125
1866,311664.125
1867,249666.66666666666
1868,303333.3333333333
1869,191209.5
1870,306746.5
1871,251000.0
1872,177997.55434782608
1873,228228.57142857142
1874,139480.49180327868
1875,191209.5
1876,177997.55434782608
1877,191209.5
1878,205311.11111111112
1879,127947.54098360655
1880,139480.49180327868
1881,217041.66666666666
1882,243166.66666666666
1883,191209.5
1884,190560.0
1885,265400.0
1886,318250.0
1887,191209.5
1888,280333.3333333333
1889,149388.66666666666
1890,153914.2857142857
1891,139480.49180327868
1892,118791.82352941176
1893,163950.0
1894,97166.66666666667
1895,139878.81818181818
1896,127947.54098360655
1897,127947.54098360655
1898,87416.66666666667
1899,118791.82352941176
1900,191350.0
1901,178810.0
1902,103779.5
1903,173750.0
1904,157750.0
1905,177997.55434782608
1906,139878.81818181818
1907,230463.33333333334
1908,103164.28571428571
1909,83100.0
1910,103164.28571428571
1911,177997.55434782608
1912,300056.25
1913,193333.33333333334
1914,77116.66666666667
1915,393039.0
1916,57331.0
1917,294750.0
1918,127947.54098360655
1919,139480.49180327868
1920,155833.33333333334
1921,417039.75
1922,311664.125
1923,275985.0
1924,316290.6666666667
1925,225853.26666666666
1926,337500.0
1927,148416.66666666666
1928,183606.66666666666
1929,127947.54098360655
1930,162077.66666666666
1931,139480.49180327868
1932,162077.66666666666
1933,183606.66666666666
1934,197273.80952380953
1935,177997.55434782608
1936,197273.80952380953
1937,177997.55434782608
1938,183606.66666666666
1939,209375.0
1940,228228.0
1941,177997.55434782608
1942,177997.55434782608
1943,172312.5
1944,278356.5
1945,391541.3333333333
1946,177997.55434782608
1947,322965.25
1948,177997.55434782608
1949,316290.6666666667
1950,191209.5
1951,240671.5
1952,316290.6666666667
1953,167742.5909090909
1954,200500.0
1955,118791.82352941176
1956,240671.5
1957,177997.55434782608
1958,348229.75
1959,174000.0
1960,118791.82352941176
1961,118791.82352941176
1962,90666.66666666667
1963,90666.66666666667
1964,118791.82352941176
1965,150750.0
1966,119750.0
1967,291659.5
1968,359950.0
1969,337500.0
1970,392916.6666666667
1971,442108.5
1972,334389.3333333333
1973,278356.5
1974,316762.5
1975,392916.6666666667
1976,274666.6666666667
1977,412666.6666666667
1978,412666.6666666667
1979,311664.125
1980,191209.5
1981,360439.0
1982,215166.66666666666
1983,215166.66666666666
1984,191209.5
1985,191209.5
1986,191209.5
1987,191209.5
1988,177997.55434782608
1989,169307.07142857142
1990,225853.26666666666
1991,216683.33333333334
1992,228228.57142857142
1993,169307.07142857142
1994,279000.0
1995,191209.5
1996,256300.0
1997,311664.125
1998,412666.6666666667
1999,231500.0
2000,294750.0
2001,231500.0
2002,217041.66666666666
2003,239709.33333333334
2004,268000.0
2005,230833.33333333334
2006,228228.0
2007,230833.33333333334
2008,216683.33333333334
2009,177997.55434782608
2010,191209.5
2011,184687.0
2012,191209.5
2013,177997.55434782608
2014,177997.55434782608
2015,191209.5
2016,177997.55434782608
2017,244169.5
2018,118791.82352941176
2019,139480.49180327868
2020,113500.0
2021,127947.54098360655
2022,178810.0
2023,155833.33333333334
2024,193333.33333333334
2025,322965.25
2026,191209.5
2027,83100.0
2028,143666.66666666666
2029,138000.0
2030,283158.0
2031,283158.0
2032,283158.0
2033,283158.0
2034,189433.33333333334
2035,205966.66666666666
2036,237750.0
2037,237750.0
2038,322965.25
2039,172312.5
2040,442108.5
2041,274666.6666666667
2042,172000.0
2043,159766.66666666666
2044,177997.55434782608
2045,316290.6666666667
2046,133476.25
2047,159766.66666666666
2048,118791.82352941176
2049,144120.0
2050,172200.0
2051,103164.28571428571
2052,117187.5
2053,168666.66666666666
2054,103164.28571428571
2055,159766.66666666666
2056,103164.28571428571
2057,148562.5
2058,177997.55434782608
2059,136787.5
2060,139878.81818181818
2061,178810.0
2062,136787.5
2063,118791.82352941176
2064,148650.0
2065,113500.0
2066,177997.55434782608
2067,106200.0
2068,144120.0
2069,87783.33333333333
2070,118791.82352941176
2071,118791.82352941176
2072,148778.35294117648
2073,127947.54098360655
2074,191209.5
2075,153914.2857142857
2076,139480.49180327868
2077,160064.58333333334
2078,129321.42857142857
2079,118791.82352941176
2080,118791.82352941176
2081,127947.54098360655
2082,97166.66666666667
2083,148778.35294117648
2084,118791.82352941176
2085,142839.2857142857
2086,87783.33333333333
2087,118791.82352941176
2088,87783.33333333333
2089,99444.44444444444
2090,132625.0
2091,126000.0
2092,148778.35294117648
2093,162916.66666666666
2094,141000.0
2095,90666.66666666667
2096,87783.33333333333
2097,108750.0
2098,148778.35294117648
2099,35105.5
2100,115500.0
2101,144120.0
2102,152000.0
2103,103164.28571428571
2104,90666.66666666667
2105,115000.0
2106,57331.0
2107,173750.0
2108,118791.82352941176
2109,118791.82352941176
2110,109800.0
2111,172200.0
2112,139878.81818181818
2113,127947.54098360655
2114,87416.66666666667
2115,139878.81818181818
2116,118791.82352941176
2117,139878.81818181818
2118,118791.82352941176
2119,108750.0
2120,103164.28571428571
2121,136787.5
2122,118791.82352941176
2123,87783.33333333333
2124,200500.0
2125,148778.35294117648
2126,177997.55434782608
2127,154214.2857142857
2128,136298.7
2129,118791.82352941176
2130,139878.81818181818
2131,177997.55434782608
2132,118791.82352941176
2133,109800.0
2134,118791.82352941176
2135,103164.28571428571
2136,57331.0
2137,136787.5
2138,139480.49180327868
2139,142839.2857142857
2140,127947.54098360655
2141,139480.49180327868
2142,129321.42857142857
2143,142839.2857142857
2144,72500.0
2145,127947.54098360655
2146,160625.0
2147,159766.66666666666
2148,103164.28571428571
2149,139480.49180327868
2150,231750.0
2151,139700.0
2152,154214.2857142857
2153,154214.2857142857
2154,60125.0
2155,118791.82352941176
2156,193333.33333333334
2157,316290.6666666667
2158,225853.26666666666
2159,256172.5
2160,191209.5
2161,306746.5
2162,471262.0
2163,311664.125
2164,306746.5
2165,177997.55434782608
2166,139480.49180327868
2167,191209.5
2168,230463.33333333334
2169,191209.5
2170,244169.5
2171,139480.49180327868
2172,138103.57142857142
2173,183606.66666666666
2174,225853.26666666666
2175,360439.0
2176,318250.0
2177,265826.3333333333
2178,215166.66666666666
2179,139480.49180327868
2180,144120.0
2181,191209.5
2182,205311.11111111112
2183,191209.5
2184,142839.2857142857
2185,139480.49180327868
2186,138103.57142857142
2187,138103.57142857142
2188,149388.66666666666
2189,149800.0
2190,87783.33333333333
2191,87783.33333333333
2192,87783.33333333333
2193,87416.66666666667
2194,87416.66666666667
2195,108400.0
2196,103164.28571428571
2197,90818.18181818182
2198,172200.0
2199,90666.66666666667
2200,127947.54098360655
2201,118791.82352941176
2202,172312.5
2203,177997.55434782608
2204,170900.0
2205,111166.66666666667
2206,157750.0
2207,232946.0
2208,216875.0
2209,230463.33333333334
2210,103164.28571428571
2211,108750.0
2212,118791.82352941176
2213,90818.18181818182
2214,154214.2857142857
2215,103164.28571428571
2216,139878.81818181818
2217,50600.0
2218,87783.33333333333
2219,87783.33333333333
2220,87416.66666666667
2221,393039.0
2222,316290.6666666667
2223,300056.25
2224,208283.33333333334
2225,144120.0
2226,197273.80952380953
2227,191209.5
2228,265400.0
2229,215166.66666666666
2230,155833.33333333334
2231,216683.33333333334
2232,177997.55434782608
2233,167742.5909090909
2234,274666.6666666667
2235,197273.80952380953
2236,266000.0
2237,303333.3333333333
2238,191209.5
2239,142839.2857142857
2240,221650.0
2241,146725.0
2242,136950.0
2243,139878.81818181818
2244,90666.66666666667
2245,90666.66666666667
2246,160064.58333333334
2247,87416.66666666667
2248,127947.54098360655
2249,127947.54098360655
2250,139480.49180327868
2251,126375.0
2252,159766.66666666666
2253,149388.66666666666
2254,177997.55434782608
2255,197273.80952380953
2256,191209.5
2257,193333.33333333334
2258,191209.5
2259,177997.55434782608
2260,168666.66666666666
2261,172312.5
2262,172312.5
2263,323000.0
2264,442108.5
2265,178810.0
2266,283158.0
2267,337000.0
2268,311664.125
2269,167742.5909090909
2270,191209.5
2271,281333.3333333333
2272,208283.33333333334
2273,167742.5909090909
2274,167742.5909090909
2275,146725.0
2276,157450.0
2277,161500.0
2278,155833.33333333334
2279,118791.82352941176
2280,118791.82352941176
2281,167742.5909090909
2282,167742.5909090909
2283,103164.28571428571
2284,118791.82352941176
2285,119750.0
2286,127947.54098360655
2287,332833.3333333333
2288,196175.0
2289,412666.6666666667
2290,392916.6666666667
2291,278356.5
2292,337500.0
2293,392916.6666666667
2294,263696.5
2295,442108.5
2296,412666.6666666667
2297,316762.5
2298,332833.3333333333
2299,337000.0
2300,316762.5
2301,278480.5
2302,217041.66666666666
2303,230833.33333333334
2304,280017.6666666667
2305,184687.0
2306,184687.0
2307,184687.0
2308,209375.0
2309,283158.0
2310,228228.0
2311,191209.5
2312,177997.55434782608
2313,177997.55434782608
2314,191209.5
2315,177997.55434782608
2316,177997.55434782608
2317,184687.0
2318,177997.55434782608
2319,169307.07142857142
2320,191209.5
2321,240833.33333333334
2322,169307.07142857142
2323,191209.5
2324,183583.33333333334
2325,205311.11111111112
2326,169307.07142857142
2327,225853.26666666666
2328,225853.26666666666
2329,177997.55434782608
2330,177997.55434782608
2331,337000.0
2332,442108.5
2333,330028.0
2334,265826.3333333333
2335,243166.66666666666
2336,323000.0
2337,191209.5
2338,345201.0
2339,230833.33333333334
2340,337500.0
2341,205311.11111111112
2342,261111.66666666666
2343,217041.66666666666
2344,251666.66666666666
2345,251000.0
2346,228228.0
2347,191209.5
2348,228228.0
2349,155833.33333333334
2350,268000.0
2351,253250.0
2352,230833.33333333334
2353,193333.33333333334
2354,142839.2857142857
2355,141000.0
2356,153914.2857142857
2357,191209.5
2358,177997.55434782608
2359,118791.82352941176
2360,118791.82352941176
2361,138103.57142857142
2362,300056.25
2363,129321.42857142857
2364,148416.66666666666
2365,228228.0
2366,194325.0
2367,209375.0
2368,191209.5
2369,209375.0
2370,138000.0
2371,138000.0
2372,143666.66666666666
2373,296759.0
2374,296759.0
2375,253250.0
2376,266640.0
2377,359950.0
2378,118791.82352941176
2379,149800.0
2380,139480.49180327868
2381,146725.0
2382,191209.5
2383,205311.11111111112
2384,225853.26666666666
2385,148416.66666666666
2386,129321.42857142857
2387,127947.54098360655
2388,130500.0
2389,127947.54098360655
2390,118791.82352941176
2391,139480.49180327868
2392,118791.82352941176
2393,172200.0
2394,153914.2857142857
2395,236333.33333333334
2396,160064.58333333334
2397,177500.0
2398,118791.82352941176
2399,35105.5
2400,35105.5
2401,118791.82352941176
2402,136787.5
2403,152633.33333333334
2404,139480.49180327868
2405,146725.0
2406,127947.54098360655
2407,104240.0
2408,138103.57142857142
2409,142839.2857142857
2410,159766.66666666666
2411,127947.54098360655
2412,154214.2857142857
2413,136787.5
2414,127947.54098360655
2415,144120.0
2416,127947.54098360655
2417,148562.5
2418,118791.82352941176
2419,139878.81818181818
2420,127947.54098360655
2421,139878.81818181818
2422,118791.82352941176
2423,137675.0
2424,139878.81818181818
2425,193333.33333333334
2426,122500.0
2427,137675.0
2428,183583.33333333334
2429,118791.82352941176
2430,127947.54098360655
2431,127947.54098360655
2432,153914.2857142857
2433,136787.5
2434,160064.58333333334
2435,160064.58333333334
2436,103164.28571428571
2437,118791.82352941176
2438,127947.54098360655
2439,118791.82352941176
2440,118791.82352941176
2441,104240.0
2442,90818.18181818182
2443,118791.82352941176
2444,118791.82352941176
2445,111168.0
2446,148778.35294117648
2447,251000.0
2448,139878.81818181818
2449,118791.82352941176
2450,177997.55434782608
2451,118791.82352941176
2452,173750.0
2453,103164.28571428571
2454,126000.0
2455,88562.5
2456,139878.81818181818
2457,108750.0
2458,87416.66666666667
2459,118791.82352941176
2460,149388.66666666666
2461,118791.82352941176
2462,132625.0
2463,118791.82352941176
2464,126000.0
2465,118791.82352941176
2466,118791.82352941176
2467,191209.5
2468,111168.0
2469,111168.0
2470,236333.33333333334
2471,216875.0
2472,193333.33333333334
2473,129025.0
2474,115500.0
2475,173750.0
2476,130500.0
2477,127947.54098360655
2478,159766.66666666666
2479,129025.0
2480,118791.82352941176
2481,129321.42857142857
2482,139480.49180327868
2483,118791.82352941176
2484,118791.82352941176
2485,118791.82352941176
2486,136787.5
2487,259333.33333333334
2488,141000.0
2489,139480.49180327868
2490,136787.5
2491,88562.5
2492,177997.55434782608
2493,103164.28571428571
2494,148778.35294117648
2495,130500.0
2496,236333.33333333334
2497,139878.81818181818
2498,127947.54098360655
2499,88562.5
2500,138103.57142857142
2501,122500.0
2502,154214.2857142857
2503,111168.0
2504,177997.55434782608
2505,225853.26666666666
2506,249666.66666666666
2507,272058.6
2508,249666.66666666666
2509,205311.11111111112
2510,209375.0
2511,191209.5
2512,206000.0
2513,205966.66666666666
2514,253250.0
2515,129321.42857142857
2516,139480.49180327868
2517,127947.54098360655
2518,142839.2857142857
2519,244169.5
2520,228228.57142857142
2521,191209.5
2522,244169.5
2523,139480.49180327868
2524,162950.0
2525,139480.49180327868
2526,129321.42857142857
2527,99444.44444444444
2528,118791.82352941176
2529,139480.49180327868
2530,111031.25
2531,223333.33333333334
2532,205966.66666666666
2533,191209.5
2534,226500.0
2535,301000.0
2536,225853.26666666666
2537,194325.0
2538,191209.5
2539,191209.5
2540,184687.0
2541,191209.5
2542,183606.66666666666
2543,127947.54098360655
2544,138103.57142857142
2545,118791.82352941176
2546,146725.0
2547,139480.49180327868
2548,144120.0
2549,155833.33333333334
2550,471262.0
2551,139480.49180327868
2552,118791.82352941176
2553,130500.0
2554,129418.75
2555,74500.0
2556,108400.0
2557,108400.0
2558,198000.0
2559,154214.2857142857
2560,118791.82352941176
2561,159500.0
2562,136298.7
2563,167750.0
2564,159500.0
2565,103164.28571428571
2566,185000.0
2567,139480.49180327868
2568,177997.55434782608
2569,178810.0
2570,103164.28571428571
2571,183606.66666666666
2572,215166.66666666666
2573,231750.0
2574,443250.0
2575,139480.49180327868
2576,115000.0
2577,148778.35294117648
2578,108750.0
2579,72133.33333333333
2580,167750.0
2581,109800.0
2582,127947.54098360655
2583,393039.0
2584,139480.49180327868
2585,155833.33333333334
2586,191209.5
2587,191209.5
2588,139700.0
2589,139480.49180327868
2590,254933.33333333334
2591,236333.33333333334
2592,242776.0
2593,209375.0
2594,191209.5
2595,194325.0
2596,279633.3333333333
2597,177997.55434782608
2598,251000.0
2599,311664.125
2600,148778.35294117648
2601,162077.66666666666
2602,99444.44444444444
2603,90666.66666666667
2604,83100.0
2605,99444.44444444444
2606,139480.49180327868
2607,167742.5909090909
2608,230463.33333333334
2609,183606.66666666666
2610,127947.54098360655
2611,185000.0
2612,167742.5909090909
2613,127947.54098360655
2614,127947.54098360655
2615,136787.5
2616,136787.5
2617,132600.0
2618,178810.0
2619,231750.0
2620,197273.80952380953
2621,177997.55434782608
2622,177997.55434782608
2623,256300.0
2624,225853.26666666666
2625,303500.0
2626,167742.5909090909
2627,207666.66666666666
2628,334389.3333333333
2629,708333.3333333334
2630,334389.3333333333
2631,442108.5
2632,334389.3333333333
2633,322965.25
2634,337500.0
2635,139480.49180327868
2636,190560.0
2637,139700.0
2638,279000.0
2639,177997.55434782608
2640,168666.66666666666
2641,99444.44444444444
2642,197273.80952380953
2643,103164.28571428571
2644,139480.49180327868
2645,103164.28571428571
2646,103164.28571428571
2647,83100.0
2648,129321.42857142857
2649,154214.2857142857
2650,139700.0
2651,138000.0
2652,515790.5
2653,253666.66666666666
2654,242776.0
2655,391541.3333333333
2656,332833.3333333333
2657,322965.25
2658,256300.0
2659,278356.5
2660,272058.6
2661,332833.3333333333
2662,372931.3333333333
2663,265400.0
2664,283158.0
2665,360439.0
2666,283158.0
2667,177997.55434782608
2668,191209.5
2669,184687.0
2670,294750.0
2671,191209.5
2672,191209.5
2673,183583.33333333334
2674,183583.33333333334
2675,191209.5
2676,191209.5
2677,197273.80952380953
2678,265826.3333333333
2679,323000.0
2680,294750.0
2681,442108.5
2682,348229.75
2683,263696.5
2684,294750.0
2685,301000.0
2686,278480.5
2687,345201.0
2688,230833.33333333334
2689,228228.0
2690,515790.5
2691,177997.55434782608
2692,153914.2857142857
2693,191209.5
2694,142839.2857142857
2695,191209.5
2696,191209.5
2697,177997.55434782608
2698,197273.80952380953
2699,197273.80952380953
2700,167742.5909090909
2701,162077.66666666666
2702,99444.44444444444
2703,133476.25
2704,139480.49180327868
2705,127947.54098360655
2706,118791.82352941176
2707,118791.82352941176
2708,148416.66666666666
2709,103750.0
2710,127947.54098360655
2711,331000.0
2712,330028.0
2713,191209.5
2714,148470.4
2715,177997.55434782608
2716,191209.5
2717,191209.5
2718,209375.0
2719,160064.58333333334
2720,172200.0
2721,129321.42857142857
2722,155833.33333333334
2723,139480.49180327868
2724,127947.54098360655
2725,129321.42857142857
2726,138103.57142857142
2727,154214.2857142857
2728,177997.55434782608
2729,155833.33333333334
2730,160064.58333333334
2731,127947.54098360655
2732,118791.82352941176
2733,159766.66666666666
2734,113250.0
2735,136787.5
2736,157537.5
2737,127947.54098360655
2738,144120.0
2739,160064.58333333334
2740,148416.66666666666
2741,136787.5
2742,148650.0
2743,136787.5
2744,136787.5
2745,136787.5
2746,129418.75
2747,177997.55434782608
2748,103164.28571428571
2749,127947.54098360655
2750,136787.5
2751,127947.54098360655
2752,300056.25
2753,148778.35294117648
2754,259333.33333333334
2755,118791.82352941176
2756,118791.82352941176
2757,35105.5
2758,103164.28571428571
2759,177997.55434782608
2760,148778.35294117648
2761,142839.2857142857
2762,160064.58333333334
2763,159766.66666666666
2764,172200.0
2765,278750.0
2766,139878.81818181818
2767,88562.5
2768,97166.66666666667
2769,153914.2857142857
2770,159500.0
2771,127947.54098360655
2772,129321.42857142857
2773,113500.0
2774,139878.81818181818
2775,162916.66666666666
2776,177997.55434782608
2777,152000.0
2778,119450.0
2779,152633.33333333334
2780,104240.0
2781,108750.0
2782,103164.28571428571
2783,111166.66666666667
2784,139480.49180327868
2785,148778.35294117648
2786,90666.66666666667
2787,118791.82352941176
2788,99444.44444444444
2789,173750.0
2790,111168.0
2791,118791.82352941176
2792,72500.0
2793,167750.0
2794,118791.82352941176
2795,108750.0
2796,108750.0
2797,236333.33333333334
2798,148778.35294117648
2799,103164.28571428571
2800,88562.5
2801,118791.82352941176
2802,139878.81818181818
2803,133476.25
2804,148778.35294117648
2805,88562.5
2806,108750.0
2807,143666.66666666666
2808,148416.66666666666
2809,127947.54098360655
2810,138103.57142857142
2811,183606.66666666666
2812,139480.49180327868
2813,144120.0
2814,144120.0
2815,103750.0
2816,316290.6666666667
2817,118791.82352941176
2818,139480.49180327868
2819,191209.5
2820,108400.0
2821,130500.0
2822,177997.55434782608
2823,193333.33333333334
2824,183606.66666666666
2825,148778.35294117648
2826,136787.5
2827,139878.81818181818
2828,193333.33333333334
2829,144120.0
2830,206000.0
2831,191209.5
2832,177500.0
2833,291659.5
2834,206000.0
2835,205311.11111111112
2836,191209.5
2837,159766.66666666666
2838,168666.66666666666
2839,177997.55434782608
2840,191209.5
2841,228228.57142857142
2842,244169.5
2843,185000.0
2844,139480.49180327868
2845,127947.54098360655
2846,244169.5
2847,197273.80952380953
2848,207666.66666666666
2849,190560.0
2850,323000.0
2851,300056.25
2852,190560.0
2853,231500.0
2854,139480.49180327868
2855,191209.5
2856,206000.0
2857,191209.5
2858,191209.5
2859,148778.35294117648
2860,127947.54098360655
2861,103779.5
2862,191209.5
2863,127947.54098360655
2864,265826.3333333333
2865,139480.49180327868
2866,135625.0
2867,118791.82352941176
2868,99444.44444444444
2869,136298.7
2870,178810.0
2871,82000.0
2872,35105.5
2873,111168.0
2874,139878.81818181818
2875,130500.0
2876,191350.0
2877,162916.66666666666
2878,191350.0
2879,154214.2857142857
2880,130500.0
2881,136298.7
2882,170900.0
2883,159500.0
2884,191209.5
2885,177997.55434782608
2886,242250.0
2887,88562.5
2888,139480.49180327868
2889,50600.0
2890,118791.82352941176
2891,136298.7
2892,35105.5
2893,97166.66666666667
2894,103750.0
2895,393039.0
2896,280333.3333333333
2897,178810.0
2898,152633.33333333334
2899,253250.0
2900,167742.5909090909
2901,230463.33333333334
2902,197273.80952380953
2903,291659.5
2904,391541.3333333333
2905,126375.0
2906,191209.5
2907,103164.28571428571
2908,127947.54098360655
2909,144120.0
2910,83100.0
2911,99444.44444444444
2912,160064.58333333334
2913,83100.0
2914,87416.66666666667
2915,87416.66666666667
2916,103164.28571428571
2917,146725.0
2918,90818.18181818182
2919,216875.0
